addresses_roadtype_name,addresses_end_street_number,values_attribute_name,estimated_dates,addresses_road_name,values_category,addresses_zip_code,secondary_filters_id,values_value,addresses_town,geo_epgs_4326_y,geo_epgs_4326_x,secondary_filters_name,secondary_filters_tree,start_date,addresses_district_name,end_date,geo_epgs_25831_x,addresses_start_street_number,register_id,institution_id,addresses_main_address,addresses_district_id,addresses_roadtype_id,addresses_type,addresses_neighborhood_id,_id,name,addresses_road_id,created,geo_epgs_25831_y,institution_name,modified,secondary_filters_asia_id,secondary_filters_fullpath,values_description,values_id,addresses_neighborhood_name,values_outstanding,values_attribute_id
,,,,C Mare de Déu de Port,,8038,,,BARCELONA,2.143753563396819,41.35737514116946,,,,Sants-Montjuïc,,428378.3838331724,221,﻿99400601854,,True,3,,,13,1,"Zona de Càrrega i Descàrrega * C Mare de Déu de Port, 221",230601,2018-07-10T16:09:06,4578783.95564586,,2022-09-17T10:29:14.130761,,,,,la Marina de Port,,
,,,,Av Mare de Déu de Montserrat,,8041,,,BARCELONA,2.176348471576847,41.42464033549186,,,,Horta-Guinardó,,431175.828091303,286,﻿99400601855,,True,7,,,35,2,"Zona de Càrrega i Descàrrega * Av Mare de Déu de Montserrat, 286",365702,2018-07-10T16:09:06,4586225.225624279,,2022-09-17T10:29:13.456322,,,,,el Guinardó,,
,,,,C Amigó,,8021,,,BARCELONA,2.1423804832158453,41.39697880064171,,,,Sarrià-Sant Gervasi,,428307.03559013736,68,﻿99400601867,,True,5,,,26,3,"Zona de Càrrega i Descàrrega * C Amigó, 68",13909,2018-07-10T16:09:06,4583181.824702035,,2022-09-17T10:29:26.602724,,,,,Sant Gervasi - Galvany,,
,,,,C Sor Eulàlia d'Anzizu,,8034,,,BARCELONA,2.1129272397527523,41.39031144439753,,,,Les Corts,,425837.27974658017,41,﻿99400601669,,True,4,,,21,4,"Zona de Càrrega i Descàrrega * C Sor Eulàlia d'Anzizu, 41",328003,2018-07-10T16:09:05,4582466.414148673,,2022-09-17T10:26:39.812146,,,,,Pedralbes,,
,,,,C Vila i Vilà,,8004,,,BARCELONA,2.1670111187379253,41.374869086935135,,,,Sants-Montjuïc,,430342.4653238814,103,﻿99400601671,,True,3,,,11,5,"Zona de Càrrega i Descàrrega * C Vila i Vilà, 103",361009,2018-07-10T16:09:05,4580707.149276413,,2022-09-17T10:26:42.144114,,,,,el Poble-sec,,
,,,,Av Paral·lel,,8015,,,BARCELONA,2.164291572056782,41.37508916375461,,,,Eixample,,430115.2805276219,106,﻿99400601672,,True,2,,,10,6,"Zona de Càrrega i Descàrrega * Av Paral·lel, 106",198804,2018-07-10T16:09:05,4580733.770969634,,2022-09-17T10:26:45.206015,,,,,Sant Antoni,,
,,,,C Simancas,,8042,,,BARCELONA,2.1731750885709493,41.44544915009707,,,,Nou Barris,,430932.7219771007,84,﻿99400601676,,True,8,,,50,7,"Zona de Càrrega i Descàrrega * C Simancas, 84",94900,2018-07-10T16:09:05,4588537.934043902,,2022-09-17T10:26:48.619839,,,,,les Roquetes,,
,,,,C Can Bruixa,,8028,,,BARCELONA,2.13180027090797,41.38394603407653,,,,Les Corts,,427408.07363568456,20,﻿99400601677,,True,4,,,19,8,"Zona de Càrrega i Descàrrega * C Can Bruixa, 20",58554,2018-07-10T16:09:05,4581743.753541196,,2022-09-17T10:26:48.796742,,,,,les Corts,,
,,,,Av República Argentina,,8023,,,BARCELONA,2.148337692905674,41.4075110974965,,,,Gràcia,,428816.5303930395,10,﻿99400601684,,True,6,,,28,9,"Zona de Càrrega i Descàrrega * Av República Argentina, 10",279600,2018-07-10T16:09:05,4584346.195453634,,2022-09-17T10:26:52.435096,,,,,Vallcarca i els Penitents,,
,,,,C Marquès de Sentmenat,,8014,,,BARCELONA,2.135495983624154,41.384826376522824,,,,Les Corts,,427718.05760188575,20,﻿99400601688,,True,4,,,19,10,"Zona de Càrrega i Descàrrega * C Marquès de Sentmenat, 20",199909,2018-07-10T16:09:05,4581838.398683993,,2022-09-17T10:26:54.924744,,,,,les Corts,,
,,,,Pg Urrutia,,8031,,,BARCELONA,2.1698919430142642,41.43477756623011,,,,Nou Barris,,430647.1069913689,90,﻿99400602877,,True,8,,,46,11,"Zona de Càrrega i Descàrrega * Pg Urrutia, 90",349808,2018-07-10T16:09:14,4587355.805500007,,2022-09-17T10:44:18.324635,,,,,el Turó de la Peira,,
,,,,C Alfons el Magnànim,,8019,,,BARCELONA,2.2155216143047007,41.41564079707975,,,,Sant Martí,,434440.1046013157,57,﻿99400602880,,True,10,,,70,12,"Zona de Càrrega i Descàrrega * C Alfons el Magnànim, 57",8705,2018-07-10T16:09:14,4585195.711307508,,2022-09-17T10:44:18.049761,,,,,el Besòs i el Maresme,,
,,,,C Alcalde de Móstoles,,8025,,,BARCELONA,2.165402111076844,41.41144694178933,,,,Horta-Guinardó,,430247.0284099246,52,﻿99400602882,,True,7,,,33,13,"Zona de Càrrega i Descàrrega * C Alcalde de Móstoles, 52",6608,2018-07-10T16:09:14,4584769.26562648,,2022-09-17T10:44:19.886547,,,,,el Baix Guinardó,,
,,,,C Balmes,,8006,,,BARCELONA,2.1437008181758737,41.40297777802544,,,,Sarrià-Sant Gervasi,,428423.9933122317,327,﻿99400602887,,True,5,,,26,14,"Zona de Càrrega i Descàrrega * C Balmes, 327",32700,2018-07-10T16:09:14,4583846.73224152,,2022-09-17T10:44:26.643584,,,,,Sant Gervasi - Galvany,,
,,,,C Marina,,8013,,,BARCELONA,2.1819953575865645,41.39868067227816,,,,Eixample,,431620.46636102215,170,﻿99400602890,,True,2,,,5,15,"Zona de Càrrega i Descàrrega * C Marina, 170",197302,2018-07-10T16:09:14,4583338.73985764,,2022-09-17T10:44:26.712577,,,,,el Fort Pienc,,
,,,,C Castella,,8018,,,BARCELONA,2.1986030553847904,41.40473123210337,,,,Sant Martí,,433014.98067966104,3,﻿99400602891,,True,10,,,68,16,"Zona de Càrrega i Descàrrega * C Castella, 3",73707,2018-07-10T16:09:14,4583997.489711695,,2022-09-17T10:44:27.732061,,,,,el Poblenou,,
,,,,C Artesania,,8042,,,BARCELONA,2.173907767934878,41.440106207692224,,,,Nou Barris,,430988.2645599247,52,﻿99400602893,,True,8,,,51,17,"Zona de Càrrega i Descàrrega * C Artesania, 52",26605,2018-07-10T16:09:14,4587944.1788381785,,2022-09-17T10:44:27.617742,,,,,Verdun,,
,,,,C Vinyals,,8041,,,BARCELONA,2.1752814776208726,41.41984675120426,,,,Horta-Guinardó,,431081.6011148407,31,﻿99400601719,,True,7,,,35,18,"Zona de Càrrega i Descàrrega * C Vinyals, 31",364506,2018-07-10T16:09:05,4585693.894783688,,2022-09-17T10:27:17.877058,,,,,el Guinardó,,
,,,,C Montnegre,,8029,,,BARCELONA,2.1392511991628766,41.38792950783972,,,,Les Corts,,428035.45944337605,33,﻿99400601501,,True,4,,,19,146,"Zona de Càrrega i Descàrrega * C Montnegre, 33",219100,2018-07-10T16:09:03,4582179.778420467,,2022-09-17T10:24:23.877734,,,,,les Corts,,
,,,,C Vergós,,8017,,,BARCELONA,2.1289145011646724,41.39822919791244,,,,Sarrià-Sant Gervasi,,427182.7274826753,26,﻿99400601723,,True,5,,,24,19,"Zona de Càrrega i Descàrrega * C Vergós, 26",357103,2018-07-10T16:09:05,4583331.872998161,,2022-09-17T10:27:24.864295,,,,,les Tres Torres,,
,,,,C Lluçà,,8028,,,BARCELONA,2.131238898050518,41.381633664049495,,,,Les Corts,,427358.5621723303,24,﻿99400601724,,True,4,,,19,20,"Zona de Càrrega i Descàrrega * C Lluçà, 24",186907,2018-07-10T16:09:05,4581487.508031344,,2022-09-17T10:27:24.686816,,,,,les Corts,,
,,,,C Sancho de Ávila,,8018,,,BARCELONA,2.194042159568745,41.40181309432673,,,,Sant Martí,,432630.7394766611,123,﻿99400601730,,True,10,,,66,21,"Zona de Càrrega i Descàrrega * C Sancho de Ávila, 123",311703,2018-07-10T16:09:05,4583677.058760495,,2022-09-17T10:27:30.285402,,,,,el Parc i la Llacuna del Poblenou,,
,,,,C Concepción Arenal,,8027,,,BARCELONA,2.184302052744515,41.425513350889474,,,,Sant Andreu,,431841.34661196126,132,﻿99400601736,,True,9,,,61,22,"Zona de Càrrega i Descàrrega * C Concepción Arenal, 132",86108,2018-07-10T16:09:05,4586315.85587576,,2022-09-17T10:27:37.317645,,,,,la Sagrera,,
,,,,C Pedró de la Creu,,8034,,,BARCELONA,2.1220052965421106,41.39756832155639,,,,Sarrià-Sant Gervasi,,426604.41211666923,35,﻿99400600397,,True,5,,,23,23,"Zona de Càrrega i Descàrrega * C Pedró de la Creu, 35",94605,2018-07-10T16:08:55,4583264.33353193,,2022-09-17T10:08:31.061728,,,,,Sarrià,,
,,,,C Riu de l'Or,,8034,,,BARCELONA,2.1222279065468483,41.394862649458474,,,,Sarrià-Sant Gervasi,,426619.9780309596,39,﻿99400600398,,True,5,,,23,24,"Zona de Càrrega i Descàrrega * C Riu de l'Or, 39",282809,2018-07-10T16:08:55,4582963.764467303,,2022-09-17T10:08:30.439190,,,,,Sarrià,,
,,,,Rier Blanca,,8028,,,BARCELONA,2.1269109782139077,41.37195796994209,,,,Sants-Montjuïc,,426985.8590281473,109,﻿99400600399,,True,3,,,17,25,"Zona de Càrrega i Descàrrega * Rier Blanca, 109",282252,2018-07-10T16:08:55,4580416.964400942,,2022-09-17T10:08:36.097889,,,,,Sants - Badal,,
,,,,C Sant Fructuós,,8004,,,BARCELONA,2.147512107394117,41.371947367557624,,,,Sants-Montjuïc,,428708.68227703206,21,﻿99400600692,,True,3,,,14,26,"Zona de Càrrega i Descàrrega * C Sant Fructuós, 21",301608,2018-07-10T16:08:57,4580398.63894763,,2022-09-17T10:12:43.321330,,,,,la Font de la Guatlla,,
,,,,C Batllori,,8042,,,BARCELONA,2.178004635544675,41.44340557122577,,,,Nou Barris,,431333.99813122523,7,﻿99400600701,,True,8,,,51,27,"Zona de Càrrega i Descàrrega * C Batllori, 7",36700,2018-07-10T16:08:57,4588307.214372546,,2022-09-17T10:12:46.209131,,,,,Verdun,,
,,,,Pg Peira,,8031,,,BARCELONA,2.169536988073229,41.431842156544434,,,,Nou Barris,,430614.3253765979,37,﻿99400600710,,True,8,,,46,28,"Zona de Càrrega i Descàrrega * Pg Peira, 37",250802,2018-07-10T16:08:57,4587030.202665551,,2022-09-17T10:12:49.339618,,,,,el Turó de la Peira,,
,,,,C Mallorca,,8008,,,BARCELONA,2.1595928473299524,41.39177106653231,,,,Eixample,,429740.313786419,231,﻿99400602479,,True,2,,,7,29,"Zona de Càrrega i Descàrrega * C Mallorca, 231",191204,2018-07-10T16:09:11,4582589.56878068,,2022-09-17T10:38:37.876635,,,,,la Dreta de l'Eixample,,
,,,,C Casanova,,8036,,,BARCELONA,2.154154597354044,41.38905181717275,,,,Eixample,,429282.7142963131,146,﻿99400602485,,True,2,,,8,30,"Zona de Càrrega i Descàrrega * C Casanova, 146",70607,2018-07-10T16:09:11,4582292.105587611,,2022-09-17T10:38:41.023256,,,,,l'Antiga Esquerra de l'Eixample,,
,,,,Av Diagonal,,8021,,,BARCELONA,2.150067002891455,41.394312197682986,,,,Sarrià-Sant Gervasi,,428946.6944383336,568,﻿99400601295,,True,5,,,26,31,"Zona de Càrrega i Descàrrega * Av Diagonal, 568",144601,2018-07-10T16:09:02,4582879.449786756,,2022-09-17T10:21:28.408864,,,,,Sant Gervasi - Galvany,,
,,,,Av Vallcarca,,8023,,,BARCELONA,2.1408478506553292,41.41927475153293,,,,Gràcia,,428203.4650682857,227,﻿99400601301,,True,6,,,28,32,"Zona de Càrrega i Descàrrega * Av Vallcarca, 227",158107,2018-07-10T16:09:02,4585658.367531403,,2022-09-17T10:21:36.630526,,,,,Vallcarca i els Penitents,,
,,,,Pg Manuel Girona,,8034,,,BARCELONA,2.1253199615133958,41.39134472162264,,,,Les Corts,,426874.5276427649,56,﻿99400601307,,True,4,,,21,33,"Zona de Càrrega i Descàrrega * Pg Manuel Girona, 56",193108,2018-07-10T16:09:02,4582570.59435816,,2022-09-17T10:21:42.224199,,,,,Pedralbes,,
,,,,C Cardenal Reig,,8028,,,BARCELONA,2.11461177689476,41.37711224017577,,,,Les Corts,,425963.14384607266,14,﻿99400601309,,True,4,,,20,34,"Zona de Càrrega i Descàrrega * C Cardenal Reig, 14",65200,2018-07-10T16:09:02,4580999.616490617,,2022-09-17T10:21:41.897997,,,,,la Maternitat i Sant Ramon,,
,,,,C Regent Mendieta,,8028,,,BARCELONA,2.1221709599341563,41.376779351894,,,,Les Corts,,426594.88071283814,1,﻿99400601311,,True,4,,,20,35,"Zona de Càrrega i Descàrrega * C Regent Mendieta, 1",277300,2018-07-10T16:09:02,4580956.230051901,,2022-09-17T10:21:42.868636,,,,,la Maternitat i Sant Ramon,,
,,,,C Sugranyes,,8028,,,BARCELONA,2.1284174088985046,41.37403229933926,,,,Sants-Montjuïc,,427114.15473081125,38,﻿99400601314,,True,3,,,17,36,"Zona de Càrrega i Descàrrega * C Sugranyes, 38",328808,2018-07-10T16:09:02,4580645.985192805,,2022-09-17T10:21:47.034812,,,,,Sants - Badal,,
,,,,C Ramon Turró,,8005,,,BARCELONA,2.190364185493022,41.39033137076829,,,,Sant Martí,,432311.38683525485,3,﻿99400602678,,True,10,,,67,37,"Zona de Càrrega i Descàrrega * C Ramon Turró, 3",110009,2018-07-10T16:09:12,4582405.241103595,,2022-09-17T10:41:34.444416,,,,,la Vila Olímpica del Poblenou,,
,,,,C Ferran Junoy,,8030,,,BARCELONA,2.197410851939935,41.441831704070836,,,,Sant Andreu,,432953.5044564952,46,﻿99400602683,,True,9,,,59,38,"Zona de Càrrega i Descàrrega * C Ferran Junoy, 46",123306,2018-07-10T16:09:12,4588117.271547225,,2022-09-17T10:41:43.001167,,,,,el Bon Pastor,,
,,,,Pl Eduard Torroja,,8020,,,BARCELONA,2.199979504848591,41.41505754102071,,,,Sant Martí,,433140.6212315748,9999,﻿99400602688,,True,10,,,72,39,"Zona de Càrrega i Descàrrega * Pl Eduard Torroja, 9999",107503,2018-07-10T16:09:13,4585142.840568614,,2022-09-17T10:41:44.607311,,,,,Sant Martí de Provençals,,
,,,,C Viladomat,,8029,,,BARCELONA,2.1505368508329696,41.38461661967828,,,,Eixample,,428975.4213864536,199,﻿99400602273,,True,2,,,9,40,"Zona de Càrrega i Descàrrega * C Viladomat, 199",361406,2018-07-10T16:09:09,4581802.6752991015,,2022-09-17T10:35:34.760121,,,,,la Nova Esquerra de l'Eixample,,
,,,,C Comte Borrell,,8015,,,BARCELONA,2.15391899689003,41.384115244361766,,,,Eixample,,429257.6656549716,176,﻿99400602274,,True,2,,,9,41,"Zona de Càrrega i Descàrrega * C Comte Borrell, 176",87009,2018-07-10T16:09:09,4581744.246928473,,2022-09-17T10:35:36.211974,,,,,la Nova Esquerra de l'Eixample,,
,,,,C Comte d'Urgell,,8011,,,BARCELONA,2.1553106250166234,41.38480303421902,,,,Eixample,,429374.7675007834,130,﻿99400602286,,True,2,,,8,42,"Zona de Càrrega i Descàrrega * C Comte d'Urgell, 130",349706,2018-07-10T16:09:09,4581819.469218871,,2022-09-17T10:35:42.328832,,,,,l'Antiga Esquerra de l'Eixample,,
,,,,C Llacuna,,8018,,,BARCELONA,2.1960741771672936,41.40344028492189,,,,Sant Martí,,432802.2717743282,106,﻿99400602288,,True,10,,,68,43,"Zona de Càrrega i Descàrrega * C Llacuna, 106",183603,2018-07-10T16:09:09,4583856.129048135,,2022-09-17T10:35:44.408088,,,,,el Poblenou,,
,,,,C Pallars,,8005,,,BARCELONA,2.1958508876889997,41.39988243770819,,,,Sant Martí,,432779.94107013487,167,﻿99400602289,,True,10,,,68,44,"Zona de Càrrega i Descàrrega * C Pallars, 167",242906,2018-07-10T16:09:09,4583461.314894471,,2022-09-17T10:35:44.408036,,,,,el Poblenou,,
,,,,Av Mistral,,8015,,,BARCELONA,2.1552932906338,41.3762578566199,,,,Eixample,,429364.0718039419,42,﻿99400602081,,True,2,,,10,45,"Zona de Càrrega i Descàrrega * Av Mistral, 42",213908,2018-07-10T16:09:08,4580870.811475726,,2022-09-17T10:32:41.597256,,,,,Sant Antoni,,
,,,,C Calàbria,,8015,,,BARCELONA,2.158672858550077,41.377103157760224,,,,Eixample,,429647.5910279389,39,﻿99400602085,,True,2,,,10,46,"Zona de Càrrega i Descàrrega * C Calàbria, 39",54509,2018-07-10T16:09:08,4580961.906645627,,2022-09-17T10:32:42.229125,,,,,Sant Antoni,,
,,,,C Dos de Maig,,8013,,,BARCELONA,2.182431972140661,41.40690029205651,,,,Sant Martí,,431665.5767374844,228,﻿99400600502,,True,10,,,64,47,"Zona de Càrrega i Descàrrega * C Dos de Maig, 228",105304,2018-07-10T16:08:56,4584250.926970245,,2022-09-17T10:10:01.061894,,,,,el Camp de l'Arpa del Clot,,
,,,,G.V. Corts Catalanes,,8018,,,BARCELONA,2.191166468211422,41.40688796947277,,,,Sant Martí,,432395.6216474067,857,﻿99400600504,,True,10,,,65,48,"Zona de Càrrega i Descàrrega * G.V. Corts Catalanes, 857",169409,2018-07-10T16:08:56,4584242.705197125,,2022-09-17T10:10:01.315443,,,,,el Clot,,
,,,,C Doctor Aiguader,,8003,,,BARCELONA,2.1938322157256738,41.3855730473781,,,,Ciutat Vella,,432596.4151712598,88,﻿99400600512,,True,1,,,3,49,"Zona de Càrrega i Descàrrega * C Doctor Aiguader, 88",700813,2018-07-10T16:08:56,4581874.276341648,,2022-09-17T10:10:03.949343,,,,,la Barceloneta,,
,,,,C Sardenya,,8018,,,BARCELONA,2.185830148382207,41.393782825707056,,,,Sant Martí,,431935.9214063987,87,﻿99400601494,,True,10,,,66,50,"Zona de Càrrega i Descàrrega * C Sardenya, 87",76807,2018-07-10T16:09:03,4582791.968255106,,2022-09-17T10:24:16.177859,,,,,el Parc i la Llacuna del Poblenou,,
,,,,Rbla Muntanya,,8041,,,BARCELONA,2.1747900817846086,41.419820970306674,,,,Horta-Guinardó,,431040.50951433694,89,﻿99400601500,,True,7,,,35,51,"Zona de Càrrega i Descàrrega * Rbla Muntanya, 89",217206,2018-07-10T16:09:03,4585691.4237994,,2022-09-17T10:24:23.881203,,,,,el Guinardó,,
,,,,C Bertran,,8023,,,BARCELONA,2.1402154834119664,41.40519066158369,,,,Sarrià-Sant Gervasi,,428135.09806581633,23,﻿99400601507,,True,5,,,27,52,"Zona de Càrrega i Descàrrega * C Bertran, 23",41303,2018-07-10T16:09:03,4584095.289756247,,2022-09-17T10:24:27.126315,,,,,el Putxet i el Farró,,
,,,,C Gran de Sant Andreu,,8030,,,BARCELONA,2.188333388511162,41.44156045720427,,,,Sant Andreu,,432194.9048215519,456,﻿99400601509,,True,9,,,60,53,"Zona de Càrrega i Descàrrega * C Gran de Sant Andreu, 456",296202,2018-07-10T16:09:03,4588094.228620543,,2022-09-17T10:24:29.759862,,,,,Sant Andreu,,
,,,,C Vèlia,,8016,,,BARCELONA,2.1807608195349166,41.43117109501117,,,,Nou Barris,,431551.38629862847,63,﻿99400601511,,True,8,,,45,54,"Zona de Càrrega i Descàrrega * C Vèlia, 63",355709,2018-07-10T16:09:03,4586946.767669335,,2022-09-17T10:24:33.994486,,,,,Porta,,
,,,,C Doctor Santponç,,8030,,,BARCELONA,2.1945139648921117,41.43216258134318,,,,Sant Andreu,,432701.5151155246,131,﻿99400601512,,True,9,,,60,55,"Zona de Càrrega i Descàrrega * C Doctor Santponç, 131",103706,2018-07-10T16:09:03,4587046.059932584,,2022-09-17T10:24:34.042086,,,,,Sant Andreu,,
,,,,C Piquer,,8004,,,BARCELONA,2.1693508061738185,41.37320379741644,,,,Sants-Montjuïc,,430536.3484770176,33,﻿99400601116,,True,3,,,11,56,"Zona de Càrrega i Descàrrega * C Piquer, 33",257700,2018-07-10T16:09:00,4580520.394139496,,2022-09-17T10:18:49.203655,,,,,el Poble-sec,,
,,,,C Ca l'Alegre de Dalt,,8024,,,BARCELONA,2.162249277770881,41.408047311321056,,,,Gràcia,,429979.8720826574,24,﻿99400601133,,True,6,,,32,57,"Zona de Càrrega i Descàrrega * C Ca l'Alegre de Dalt, 24",7906,2018-07-10T16:09:01,4584394.386226555,,2022-09-17T10:19:06.560932,,,,,el Camp d'en Grassot i Gràcia Nova,,
,,,,C Massens,,8024,,,BARCELONA,2.155421561245781,41.40951039896769,,,,Gràcia,,429410.782575324,80,﻿99400601134,,True,6,,,30,58,"Zona de Càrrega i Descàrrega * C Massens, 80",203904,2018-07-10T16:09:01,4584562.358470398,,2022-09-17T10:19:07.105542,,,,,la Salut,,
,,,,C Varsòvia,,8041,,,BARCELONA,2.1723899274215435,41.41803868911476,,,,Horta-Guinardó,,430838.04552047246,152,﻿99400601137,,True,7,,,35,59,"Zona de Càrrega i Descàrrega * C Varsòvia, 152",354502,2018-07-10T16:09:01,4585495.470668129,,2022-09-17T10:19:11.695781,,,,,el Guinardó,,
,,,,C Sugranyes,,8028,,,BARCELONA,2.127317511144408,41.37533346292495,,,,Sants-Montjuïc,,427023.6295795931,2,﻿99400600374,,True,3,,,17,60,"Zona de Càrrega i Descàrrega * C Sugranyes, 2",328808,2018-07-10T16:08:55,4580791.363754087,,2022-09-17T10:08:12.460458,,,,,Sants - Badal,,
,,,,C Carreras i Candi,,8028,,,BARCELONA,2.1263297922677866,41.37508565851449,,,,Sants-Montjuïc,,426940.7553912696,10,﻿99400600375,,True,3,,,17,61,"Zona de Càrrega i Descàrrega * C Carreras i Candi, 10",68401,2018-07-10T16:08:55,4580764.684996616,,2022-09-17T10:08:18.414627,,,,,Sants - Badal,,
,,,,C Praga,,8024,,,BARCELONA,2.1641731910679254,41.41247930085211,,,,Horta-Guinardó,,430145.42437276227,5,﻿99400601878,,True,7,,,33,62,"Zona de Càrrega i Descàrrega * C Praga, 5",265402,2018-07-10T16:09:06,4584884.867478416,,2022-09-17T10:29:35.045393,,,,,el Baix Guinardó,,
,,,,Rbla Prim,,8020,,,BARCELONA,2.2064765423016257,41.420696519400714,,,,Sant Martí,,433689.33278043196,139,﻿99400601884,,True,10,,,73,63,"Zona de Càrrega i Descàrrega * Rbla Prim, 139",266405,2018-07-10T16:09:06,4585763.878622703,,2022-09-17T10:29:39.192706,,,,,la Verneda i la Pau,,
,,,,Rbla Guipúscoa,,8020,,,BARCELONA,2.1975572925994054,41.41648849235469,,,,Sant Martí,,432939.66215116787,68,﻿99400601885,,True,10,,,72,64,"Zona de Càrrega i Descàrrega * Rbla Guipúscoa, 68",153205,2018-07-10T16:09:06,4585303.575961871,,2022-09-17T10:29:39.206016,,,,,Sant Martí de Provençals,,
,,,,Pg Mare de Déu del Coll,,8032,,,BARCELONA,2.151562536022764,41.42441993871983,,,,Horta-Guinardó,,429104.46120139316,244,﻿99400601891,,True,7,,,37,65,"Zona de Càrrega i Descàrrega * Pg Mare de Déu del Coll, 244",230000,2018-07-10T16:09:06,4586220.754240156,,2022-09-17T10:29:48.110154,,,,,el Carmel,,
,,,,C Mare de Déu de Port,,8038,,,BARCELONA,2.1392991677429154,41.36531751563022,,,,Sants-Montjuïc,,428014.5411839013,342,﻿99400601893,,True,3,,,13,66,"Zona de Càrrega i Descàrrega * C Mare de Déu de Port, 342",230601,2018-07-10T16:09:06,4579669.391920933,,2022-09-17T10:29:48.548645,,,,,la Marina de Port,,
,,,,C Comte d'Urgell,,8036,,,BARCELONA,2.153058390430688,41.386479368818144,,,,Eixample,,429188.2732741772,162,﻿99400601695,,True,2,,,8,67,"Zona de Càrrega i Descàrrega * C Comte d'Urgell, 162",349706,2018-07-10T16:09:05,4582007.41134583,,2022-09-17T10:26:58.069438,,,,,l'Antiga Esquerra de l'Eixample,,
,,,,C Marina,,8018,,,BARCELONA,2.187270404451594,41.39484227309258,,,,Sant Martí,,432057.4302020039,114,﻿99400601704,,True,10,,,66,68,"Zona de Càrrega i Descàrrega * C Marina, 114",197302,2018-07-10T16:09:05,4582908.456143114,,2022-09-17T10:27:09.469239,,,,,el Parc i la Llacuna del Poblenou,,
,,,,C Espronceda,,8018,,,BARCELONA,2.194068714761074,41.413226113548646,,,,Sant Martí,,432644.74808700586,271,﻿99400601706,,True,10,,,65,69,"Zona de Càrrega i Descàrrega * C Espronceda, 271",115603,2018-07-10T16:09:05,4584944.097407842,,2022-09-17T10:27:10.633419,,,,,el Clot,,
,,,,C Cienfuegos,,8027,,,BARCELONA,2.182646293296142,41.42417421014349,,,,Sant Andreu,,431701.5889986148,29,﻿99400601708,,True,9,,,62,70,"Zona de Càrrega i Descàrrega * C Cienfuegos, 29",78405,2018-07-10T16:09:05,4586168.490283749,,2022-09-17T10:27:13.151636,,,,,el Congrés i els Indians,,
,,,,C Caballero,,8014,,,BARCELONA,2.137803968072029,41.383882710724016,,,,Les Corts,,427909.98975895625,81,﻿99400601714,,True,4,,,19,71,"Zona de Càrrega i Descàrrega * C Caballero, 81",52605,2018-07-10T16:09:05,4581731.711766115,,2022-09-17T10:27:16.899738,,,,,les Corts,,
,,,,C Torras i Pujalt,,8022,,,BARCELONA,2.133259893244746,41.40293809393777,,,,Sarrià-Sant Gervasi,,427551.20879052405,48,﻿99400600916,,True,5,,,25,72,"Zona de Càrrega i Descàrrega * C Torras i Pujalt, 48",339203,2018-07-10T16:08:59,4583851.006013991,,2022-09-17T10:15:48.123898,,,,,Sant Gervasi - la Bonanova,,
,,,,Av Madrid,,8028,,,BARCELONA,2.1228045910558513,41.37581190456447,,,,Les Corts,,426646.779231732,1,﻿99400600917,,True,4,,,20,73,"Zona de Càrrega i Descàrrega * Av Madrid, 1",187207,2018-07-10T16:08:59,4580848.289116826,,2022-09-17T10:15:48.175319,,,,,la Maternitat i Sant Ramon,,
,,,,Pg Maragall,,8032,,,BARCELONA,2.1626987138870772,41.428836104352854,,,,Horta-Guinardó,,430039.75102147873,415,﻿99400600922,,True,7,,,43,74,"Zona de Càrrega i Descàrrega * Pg Maragall, 415",194406,2018-07-10T16:08:59,4586701.975745388,,2022-09-17T10:15:50.939716,,,,,Horta,,
,,,,Pg Zona Franca,,8038,,,BARCELONA,2.139996516768567,41.35904526486856,,,,Sants-Montjuïc,,428065.95783280884,140,﻿99400600925,,True,3,,,13,75,"Zona de Càrrega i Descàrrega * Pg Zona Franca, 140",369408,2018-07-10T16:08:59,4578972.479738077,,2022-09-17T10:15:50.946562,,,,,la Marina de Port,,
,,,,C Piferrer,,8016,,,BARCELONA,2.177502412783897,41.432051507761216,,,,Nou Barris,,431280.0679115889,156,﻿99400600933,,True,8,,,45,76,"Zona de Càrrega i Descàrrega * C Piferrer, 156",255500,2018-07-10T16:08:59,4587047.091636853,,2022-09-17T10:15:56.536941,,,,,Porta,,
,,,,C Verdi,,8024,,,BARCELONA,2.1521048910982734,41.408746686615736,,,,Gràcia,,429132.74529319664,207,﻿99400602241,,True,6,,,30,77,"Zona de Càrrega i Descàrrega * C Verdi, 207",356803,2018-07-10T16:09:09,4584480.280212575,,2022-09-17T10:35:00.736480,,,,,la Salut,,
,,,,C Espronceda,,8027,,,BARCELONA,2.1856324030346177,41.419795131618244,,,,Sant Andreu,,431946.5397192808,374,﻿99400602244,,True,9,,,63,78,"Zona de Càrrega i Descàrrega * C Espronceda, 374",115603,2018-07-10T16:09:09,4585679.978094429,,2022-09-17T10:35:09.195946,,,,,Navas,,
,,,,C Nació,,8026,,,BARCELONA,2.185776101867546,41.41270974351644,,,,Sant Martí,,431951.152833517,17,﻿99400601249,,True,10,,,64,79,"Zona de Càrrega i Descàrrega * C Nació, 17",224802,2018-07-10T16:09:01,4584893.252764743,,2022-09-17T10:20:43.897665,,,,,el Camp de l'Arpa del Clot,,
,,,,Rbla Guipúscoa,,8020,,,BARCELONA,2.1953970294098237,41.415298877434296,,,,Sant Martí,,432757.89994230756,41,﻿99400601251,,True,10,,,72,80,"Zona de Càrrega i Descàrrega * Rbla Guipúscoa, 41",153205,2018-07-10T16:09:01,4585173.181196968,,2022-09-17T10:20:47.187106,,,,,Sant Martí de Provençals,,
,,,,C Josepa Massanés,,8026,,,BARCELONA,2.182731773159755,41.41198307771582,,,,Sant Martí,,431695.95932788646,25,﻿99400601253,,True,10,,,64,81,"Zona de Càrrega i Descàrrega * C Josepa Massanés, 25",170805,2018-07-10T16:09:01,4584814.975476494,,2022-09-17T10:20:55.546382,,,,,el Camp de l'Arpa del Clot,,
,,,,C Olot,,8024,,,BARCELONA,2.1532638476639896,41.41353714155462,,,,Gràcia,,429234.81119019317,1,﻿99400601504,,True,6,,,30,147,"Zona de Càrrega i Descàrrega * C Olot, 1",234908,2018-07-10T16:09:03,4585011.16405782,,2022-09-17T10:24:26.101232,,,,,la Salut,,
,,,,C Cartagena,,8013,,,BARCELONA,2.182619298138024,41.40494777438384,,,,Eixample,,431679.18864928774,187,﻿99400601257,,True,2,,,6,82,"Zona de Càrrega i Descàrrega * C Cartagena, 187",68900,2018-07-10T16:09:01,4584034.013088319,,2022-09-17T10:20:55.442133,,,,,la Sagrada Família,,
,,,,C Borges Blanques,,8016,,,BARCELONA,2.179700294912198,41.4441081598956,,,,Nou Barris,,431476.3867341717,2,﻿99400601715,,True,8,,,52,83,"Zona de Càrrega i Descàrrega * C Borges Blanques, 2",46307,2018-07-10T16:09:05,4588383.871654812,,2022-09-17T10:27:17.117527,,,,,la Prosperitat,,
,,,,Ctra Bordeta,,8014,,,BARCELONA,2.143070270074423,41.37283962745353,,,,Sants-Montjuïc,,428338.1988582474,57,﻿99400601716,,True,3,,,15,84,"Zona de Càrrega i Descàrrega * Ctra Bordeta, 57",45803,2018-07-10T16:09:05,4580501.358866445,,2022-09-17T10:27:16.649356,,,,,Hostafrancs,,
,,,,C Can Bruixa,,8014,,,BARCELONA,2.132945447304491,41.384267091494536,,,,Les Corts,,427504.1816939104,30,﻿99400601718,,True,4,,,19,85,"Zona de Càrrega i Descàrrega * C Can Bruixa, 30",58554,2018-07-10T16:09:05,4581778.438223335,,2022-09-17T10:27:16.794994,,,,,les Corts,,
,,,,C Cienfuegos,,8027,,,BARCELONA,2.1851766979604315,41.42391814690788,,,,Sant Andreu,,431912.7649545874,1,﻿99400601721,,True,9,,,61,86,"Zona de Càrrega i Descàrrega * C Cienfuegos, 1",78405,2018-07-10T16:09:05,4586138.069622788,,2022-09-17T10:27:20.251140,,,,,la Sagrera,,
,,,,Rbla Prim,,8019,,,BARCELONA,2.2171226294521125,41.41327289497613,,,,Sant Martí,,434571.5283763371,20,﻿99400601729,,True,10,,,70,87,"Zona de Càrrega i Descàrrega * Rbla Prim, 20",266405,2018-07-10T16:09:05,4584931.618907649,,2022-09-17T10:27:29.160224,,,,,el Besòs i el Maresme,,
,,,,C Deià,,8016,,,BARCELONA,2.173910457001641,41.434405377972354,,,,Nou Barris,,430982.4497460528,43,﻿99400600252,,True,8,,,45,88,"Zona de Càrrega i Descàrrega * C Deià, 43",100209,2018-07-10T16:08:54,4587311.274002407,,2022-09-17T10:06:39.456470,,,,,Porta,,
,,,,C Sancho de Ávila,,8018,,,BARCELONA,2.1934163486656266,41.401201582544125,,,,Sant Martí,,432577.79600455373,110,﻿99400601731,,True,10,,,66,89,"Zona de Càrrega i Descàrrega * C Sancho de Ávila, 110",311703,2018-07-10T16:09:05,4583609.656407349,,2022-09-17T10:27:33.884206,,,,,el Parc i la Llacuna del Poblenou,,
,,,,C Santapau,,8016,,,BARCELONA,2.1789133835657557,41.42936343284671,,,,Nou Barris,,431395.12585589255,17,﻿99400600256,,True,8,,,44,90,"Zona de Càrrega i Descàrrega * C Santapau, 17",319104,2018-07-10T16:08:54,4586747.544578881,,2022-09-17T10:06:41.825727,,,,,Vilapicina i la Torre Llobeta,,
,,,,C Campeny,,8030,,,BARCELONA,2.1863552342005947,41.440579454202776,,,,Sant Andreu,,432028.62845654646,30,﻿99400600475,,True,9,,,60,233,"Zona de Càrrega i Descàrrega * C Campeny, 30",57507,2018-07-10T16:08:56,4587986.869632895,,2022-09-17T10:09:33.992224,,,,,Sant Andreu,,
,,,,Av Diagonal,,8021,,,BARCELONA,2.1406408377193715,41.39211578428084,,,,Sarrià-Sant Gervasi,,428156.2531702643,620,﻿99400600392,,True,5,,,26,91,"Zona de Càrrega i Descàrrega * Av Diagonal, 620",144601,2018-07-10T16:08:55,4582643.379922814,,2022-09-17T10:08:29.224796,,,,,Sant Gervasi - Galvany,,
,,,,C Cartellà,,8031,,,BARCELONA,2.1680245067791852,41.42889236206256,,,,Nou Barris,,430484.80870101426,132,﻿99400600258,,True,8,,,44,92,"Zona de Càrrega i Descàrrega * C Cartellà, 132",69109,2018-07-10T16:08:54,4586703.931818058,,2022-09-17T10:06:45.596703,,,,,Vilapicina i la Torre Llobeta,,
,,,,Pg Maragall,,8032,,,BARCELONA,2.1746511612218473,41.42581735955821,,,,Horta-Guinardó,,431035.24542906514,239,﻿99400600260,,True,7,,,35,93,"Zona de Càrrega i Descàrrega * Pg Maragall, 239",194406,2018-07-10T16:08:54,4586357.248309034,,2022-09-17T10:06:46.562918,,,,,el Guinardó,,
,,,,C Riera Alta,,8001,,,BARCELONA,2.165680691466344,41.38043951880434,,,,Ciutat Vella,,430237.1622194383,33,﻿99400600265,,True,1,,,1,94,"Zona de Càrrega i Descàrrega * C Riera Alta, 33",282106,2018-07-10T16:08:54,4581326.639207722,,2022-09-17T10:06:54.015624,,,,,el Raval,,
,,,,C Gran de Sant Andreu,,8030,,,BARCELONA,2.1889411837556687,41.43821979361764,,,,Sant Andreu,,432242.20443733037,356,﻿99400600270,,True,9,,,60,95,"Zona de Càrrega i Descàrrega * C Gran de Sant Andreu, 356",296202,2018-07-10T16:08:54,4587722.874247249,,2022-09-17T10:06:54.082733,,,,,Sant Andreu,,
,,,,C Gran de Sant Andreu,,8030,,,BARCELONA,2.188474614328784,41.440586282346054,,,,Sant Andreu,,432205.6887387114,424,﻿99400600272,,True,9,,,60,96,"Zona de Càrrega i Descàrrega * C Gran de Sant Andreu, 424",296202,2018-07-10T16:08:54,4587985.965677212,,2022-09-17T10:06:54.072049,,,,,Sant Andreu,,
,,,,C Açores,,8027,,,BARCELONA,2.189698396256593,41.42514509184736,,,,Sant Andreu,,432291.8792472782,10,﻿99400600273,,True,9,,,61,97,"Zona de Càrrega i Descàrrega * C Açores, 10",29807,2018-07-10T16:08:54,4586270.7384059075,,2022-09-17T10:06:53.290503,,,,,la Sagrera,,
